order_id,amount,order_date,phone,payment_mode,email
ORD001,1500,16-04-2025,919877123456,upi,test1@gmail.com
ORD002,2500,16-04-2025,919877123456,card,test2@gmail.com
ORD003,3500,16-04-2025,919877123456,cash,test3@gmail.com
ORD004,abc,16-04-2025,919877123456,upi,test4@gmail.com
ORD005,4500,99/99/2025,919877123456,upi,test5@gmail.com
ORD006,5500,16-04-2025,6612349198771234565,upi,test6@gmail.com
ORD007,6500,16-04-2025,919877123456,bitcoin,test7@gmail.com
ORD008,7500,16-04-2025,91987456,upi,invalid-email
ORD001,8500,16-04-2025,9198776,upi,test8@gmail.com
